{
    "face_1": "face/face_1.png",
    "face_2": "face/face_2.png",
    "face_3": "face/face_3.png",
    "home": "image/home.gif",
    "login": "image/login.gif",
    "room": "image/room.png",
    "like": "image/like.png",
    "head": "image/head.png",
    "head_": "image/head_.png",
    "csdn": "image/csdn.png",
    "good": "image/good.png",
    "hall": "image/hall.png",
    "rank": "image/rank.png",
    "gold5": "image/gold5.png",
    "gold10": "image/gold10.png",
    "QRcode": "image/QRcode.png",
    "support": "image/support.png",
    "account": "image/account.png",
    "attendance": "image/attendance.png",
    "_chinachess": "image/face_chinachess.png",
    "_gobang": "image/face_gobang.png",
    "chinachess": [
        "game/chinachess/pieces/black_general.png",
        "game/chinachess/pieces/black_guard.png",
        "game/chinachess/pieces/black_guard.png",
        "game/chinachess/pieces/black_prime.png",
        "game/chinachess/pieces/black_prime.png",
        "game/chinachess/pieces/black_cavalry.png",
        "game/chinachess/pieces/black_cavalry.png",
        "game/chinachess/pieces/black_car.png",
        "game/chinachess/pieces/black_car.png",
        "game/chinachess/pieces/black_cannon.png",
        "game/chinachess/pieces/black_cannon.png",
        "game/chinachess/pieces/black_soldier.png",
        "game/chinachess/pieces/black_soldier.png",
        "game/chinachess/pieces/black_soldier.png",
        "game/chinachess/pieces/black_soldier.png",
        "game/chinachess/pieces/black_soldier.png",
        "game/chinachess/pieces/red_general.png",
        "game/chinachess/pieces/red_guard.png",
        "game/chinachess/pieces/red_guard.png",
        "game/chinachess/pieces/red_prime.png",
        "game/chinachess/pieces/red_prime.png",
        "game/chinachess/pieces/red_cavalry.png",
        "game/chinachess/pieces/red_cavalry.png",
        "game/chinachess/pieces/red_car.png",
        "game/chinachess/pieces/red_car.png",
        "game/chinachess/pieces/red_cannon.png",
        "game/chinachess/pieces/red_cannon.png",
        "game/chinachess/pieces/red_soldier.png",
        "game/chinachess/pieces/red_soldier.png",
        "game/chinachess/pieces/red_soldier.png",
        "game/chinachess/pieces/red_soldier.png",
        "game/chinachess/pieces/red_soldier.png"
    ],
    "gobang": {
        "background": "game/gobang/image/background.png",
        "white": "game/gobang/image/white.png",
        "black": "game/gobang/image/black.png",
        "voice_1": "game/gobang/sound/voice_1.wav",
        "voice_2": "game/gobang/sound/voice_2.wav",
        "voice_3": "game/gobang/sound/voice_3.wav",
        "voice_4": "game/gobang/sound/voice_4.wav"
    }
}